"Time_Iter","Outer_Iter","Inner_Iter",    "rms[Rho]"    ,    "rms[RhoU]"   ,    "rms[RhoV]"   ,    "rms[RhoE]"   
          0,           0,           0,      0.5329635213,       2.499910736,       1.944728739,       6.109376835
          0,           0,           1,      0.5266694792,       2.494006416,       1.947879557,        6.10302897
          0,           0,           2,      0.5137301346,       2.481970164,       1.953376935,        6.09005843
          0,           0,           3,      0.4890210954,         2.4594309,       1.964077404,       6.065271448
          0,           0,           4,      0.4464505238,       2.421937623,       1.984725903,       6.022512688
          0,           0,           5,      0.3786146192,       2.364497468,       2.005177775,       5.954655672
          0,           0,           6,      0.3007065776,       2.296815352,       1.987794856,       5.877068447
          0,           0,           7,      0.2487523629,       2.243187316,         1.8928179,       5.825262898
