"Time_Iter","Outer_Iter","Inner_Iter",    "rms[Rho]"    ,    "rms[RhoU]"   ,    "rms[RhoV]"   ,    "rms[RhoE]"   
          0,           0,           0,      -1.996646911,     0.06046571328,     -0.3585791975,       3.597704162
          0,           0,           1,       -2.00133184,     0.05613024208,      -0.389818053,       3.592774873
