"Time_Iter","Outer_Iter","Inner_Iter",    "rms[Rho]"    ,    "rms[RhoU]"   ,    "rms[RhoV]"   ,    "rms[RhoE]"   
          0,           0,           0,      -8.915896161,      -6.841920537,      -7.606815181,      -3.310068467
          0,           0,           1,      -8.872011687,      -6.802888782,       -7.62642125,      -3.266793991
